Song,Count
Genesis,167
Oblivion,158
Be a Body,136
REALiTi,102
Go,96
Venus Fly,90
Kill v. Maim,89
Scream,87
Laughing and Not Being Normal,84
Symphonia IX (My Wait Is U),82
Flesh Without Blood,74
Phone Sex,74
Circumambient,70
Nightmusic,51
World Princess Part II,46
Vanessa,46
Artangels,38
Butterfly,35
Ave Maria,32
,17
Ya Vas Lyubil,7
Creep,5
We Appreciate Power,5
David,5
Saturn Princess,5
Crystal Ball,5
Mooo!,4
Orinoco Flow (Sail Away),4
All I Want for Christmas Is You,4
"Low / The Four Seasons, Op. 8, ""Spring"": Allegro / Svatba (The Wedding)",4
Shinigami Eyes,4
Sleepwalking,4
Pyro,3
Beauty and the Beast,3
4ÆM,3
Music 4 Machines,3
Welcome to the Opera,3
Player of Games,3
GOOD PUSS,3
Purple Noise,3
079,3
When The Summer Dies,3
Work It,3
Tatatara,2
Fantasia,2
Synchronize,2
Liberté,2
Bitch Better Have My Money,2
Obsessed (limited),2
That's Not My Name,2
ØUT ØF THE WØRLD,2
A Drug From God,2
Violence,2
Aeon / Kill v. Maim / Di-Li-Do,2
We Appreciate Power (BloodPop® Remix) / Russian Style / Oblivion,2
Clay,2
Dream Fortress,2
Freeport,1
Aeon,1
Danger,1
Sun Is Dark,1
IDORU,1
Everything Is Gonna Be Alright,1
Shut Down,1
SOLO,1
Deadly Valentine,1
Baddie,1
Sun Sala,1
Dune,1
Charlotte,1
Name 3,1
Kill Script,1
Carnival,1
Boris,1
Low,1
Life on Mars?,1
edamame,1
Miracle Maker,1
Joi,1
When Doves Cry,1
Blinding Lights,1
Kaval sviri (The Flute Plays),1
Ride of the Valkyries,1
Fly Kicks,1
Bonfire,1
Roadtrip,1
Song: Silsila Ye Chahat Ka,1
Drift Away,1
Back 2 Life,1
Public Safety,1
One Kiss,1
How Deep Is Your Love,1
(It Happens) Sometimes,1
Acapella,1
Blinding Lights / Orinoco Flow (Sail Away),1
100% Tragedy,1
R U FCKNG SERIOUS / Archangel,1
Utopia,1
Gone / Bad Romance,1
Singularity,1
Vowels = Space and Time,1
Devon,1
Heartbeats,1
Sagrad Prekrasnyy,1
Outer,1
World ♡ Princess,1
Black Hair,1
Intor / Flowers,1
